{
    "hosts": {
        "h1": "0a00:0001::0000",
        "h2": "0a00:0002::0000"
    },
    "switches": {
        "s1": {"h1": "0a00:0001::0000", "s2": "0a00:0002::0000"},
        "s2": {"s1": "0a00:0002::0000", "s3": "0a00:0003::0000"},
        "s3": {"s2": "0a00:0003::0000", "s4": "0a00:0004::0000"},
        "s4": {"s3": "0a00:0004::0000", "s5": "0a00:0005::0000"},
        "s5": {"s4": "0a00:0005::0000", "s6": "0a00:0002::0000"},
        "s6": {"s5": "0a00:0005::0000", "s7": "0a00:0002::0000"},
        "s7": {"s6": "0a00:0005::0000", "s8": "0a00:0002::0000"},
        "s8": {"s7": "0a00:0005::0000", "s9": "0a00:0002::0000"},
        "s9": {"s8": "0a00:0005::0000", "s10": "0a00:0002::0000"},
        "s10": {"s9": "0a00:0005::0000", "h2": "0a00:0002::0000"}
    },
    "links": [
        ["h1", "s1"], ["s1", "s2"], ["s2", "s3"], 
        ["s3", "s4"], ["s4", "s5"], ["s5", "s6"], ["s6", "s7"], ["s7", "s8"],
        ["s8", "s9"],["s9", "s10"],["s10", "h2"]
    ]
}
